"","WAIC","deltaWAIC","Weights"
"m3",3036.75580832446,0,0.42096089767653
"m2",3036.9332108653,0.177402540848561,0.385229276078403
"m1",3038.30713342156,1.55132509710074,0.193809826245067
